tank_code,dip_mm,litres
T2,1,2
T2,2,3
T2,3,5
T2,4,6
T2,5,8
T2,6,10
T2,7,11
T2,8,13
T2,9,14
T2,10,16
T2,11,18
T2,12,19
T2,13,21
T2,14,22
T2,15,24
T2,16,26
T2,17,27
T2,18,29
T2,19,30
T2,20,32
T2,21,34
T2,22,35
T2,23,37
T2,24,38
T2,25,40
T2,26,42
T2,27,43
T2,28,45
T2,29,46
T2,30,48
T2,31,50
T2,32,51
T2,33,53
T2,34,54
T2,35,56
T2,36,58
T2,37,59
T2,38,61
T2,39,62
T2,40,64
T2,41,66
T2,42,67
T2,43,69
T2,44,70
T2,45,72
T2,46,74
T2,47,75
T2,48,77
T2,49,78
T2,50,80
T2,51,82
T2,52,83
T2,53,85
T2,54,86
T2,55,88
T2,56,90
T2,57,91
T2,58,93
T2,59,94
T2,60,96
T2,61,98
T2,62,99
T2,63,101
T2,64,102
T2,65,104
T2,66,106
T2,67,107
T2,68,109
T2,69,110
T2,70,112
T2,71,114
T2,72,115
T2,73,117
T2,74,118
T2,75,120
T2,76,122
T2,77,123
T2,78,125
T2,79,126
T2,80,128
T2,81,130
T2,82,131
T2,83,133
T2,84,134
T2,85,136
T2,86,138
T2,87,139
T2,88,141
T2,89,142
T2,90,144
T2,91,146
T2,92,147
T2,93,149
T2,94,150
T2,95,152
T2,96,154
T2,97,155
T2,98,157
T2,99,158
T2,100,160
T2,101,162
T2,102,163
T2,103,165
T2,104,166
T2,105,168
T2,106,170
T2,107,171
T2,108,173
T2,109,174
T2,110,176
T2,111,178
T2,112,179
T2,113,181
T2,114,182
T2,115,184
T2,116,186
T2,117,187
T2,118,189
T2,119,190
T2,120,192
T2,121,194
T2,122,195
T2,123,197
T2,124,198
T2,125,200
T2,126,203
T2,127,207
T2,128,210
T2,129,214
T2,130,217
T2,131,220
T2,132,224
T2,133,227
T2,134,231
T2,135,234
T2,136,237
T2,137,241
T2,138,244
T2,139,247
T2,140,251
T2,141,254
T2,142,258
T2,143,261
T2,144,264
T2,145,268
T2,146,271
T2,147,275
T2,148,278
T2,149,281
T2,150,285
T2,151,288
T2,152,292
T2,153,295
T2,154,298
T2,155,302
T2,156,305
T2,157,308
T2,158,312
T2,159,315
T2,160,319
T2,161,322
T2,162,325
T2,163,329
T2,164,332
T2,165,336
T2,166,339
T2,167,342
T2,168,346
T2,169,349
T2,170,353
T2,171,356
T2,172,359
T2,173,363
T2,174,366
T2,175,369
T2,176,373
T2,177,376
T2,178,380
T2,179,383
T2,180,386
T2,181,390
T2,182,393
T2,183,397
T2,184,400
T2,185,404
T2,186,408
T2,187,412
T2,188,416
T2,189,420
T2,190,424
T2,191,429
T2,192,433
T2,193,437
T2,194,441
T2,195,445
T2,196,449
T2,197,453
T2,198,457
T2,199,461
T2,200,465
T2,201,469
T2,202,473
T2,203,478
T2,204,482
T2,205,486
T2,206,490
T2,207,494
T2,208,498
T2,209,502
T2,210,506
T2,211,510
T2,212,514
T2,213,518
T2,214,522
T2,215,527
T2,216,531
T2,217,535
T2,218,539
T2,219,543
T2,220,547
T2,221,551
T2,222,555
T2,223,559
T2,224,563
T2,225,567
T2,226,571
T2,227,576
T2,228,580
T2,229,584
T2,230,588
T2,231,592
T2,232,596
T2,233,600
T2,234,604
T2,235,609
T2,236,613
T2,237,618
T2,238,622
T2,239,627
T2,240,631
T2,241,636
T2,242,640
T2,243,644
T2,244,649
T2,245,653
T2,246,658
T2,247,662
T2,248,667
T2,249,671
T2,250,676
T2,251,680
T2,252,684
T2,253,689
T2,254,693
T2,255,698
T2,256,702
T2,257,707
T2,258,711
T2,259,716
T2,260,720
T2,261,724
T2,262,729
T2,263,733
T2,264,738
T2,265,742
T2,266,747
T2,267,751
T2,268,756
T2,269,760
T2,270,764
T2,271,769
T2,272,773
T2,273,778
T2,274,782
T2,275,787
T2,276,791
T2,277,796
T2,278,800
T2,279,805
T2,280,810
T2,281,815
T2,282,820
T2,283,824
T2,284,829
T2,285,834
T2,286,839
T2,287,844
T2,288,849
T2,289,854
T2,290,859
T2,291,863
T2,292,868
T2,293,873
T2,294,878
T2,295,883
T2,296,888
T2,297,893
T2,298,898
T2,299,902
T2,300,907
T2,301,912
T2,302,917
T2,303,922
T2,304,927
T2,305,932
T2,306,937
T2,307,941
T2,308,946
T2,309,951
T2,310,956
T2,311,961
T2,312,966
T2,313,971
T2,314,976
T2,315,980
T2,316,985
T2,317,990
T2,318,995
T2,319,1000
T2,320,1005
T2,321,1011
T2,322,1016
T2,323,1021
T2,324,1026
T2,325,1032
T2,326,1037
T2,327,1042
T2,328,1047
T2,329,1053
T2,330,1058
T2,331,1063
T2,332,1068
T2,333,1074
T2,334,1079
T2,335,1084
T2,336,1089
T2,337,1095
T2,338,1100
T2,339,1105
T2,340,1111
T2,341,1116
T2,342,1121
T2,343,1126
T2,344,1132
T2,345,1137
T2,346,1142
T2,347,1147
T2,348,1153
T2,349,1158
T2,350,1163
T2,351,1168
T2,352,1174
T2,353,1179
T2,354,1184
T2,355,1189
T2,356,1195
T2,357,1200
T2,358,1205
T2,359,1211
T2,360,1216
T2,361,1221
T2,362,1226
T2,363,1232
T2,364,1237
T2,365,1242
T2,366,1247
T2,367,1253
T2,368,1258
T2,369,1263
T2,370,1268
T2,371,1274
T2,372,1279
T2,373,1284
T2,374,1289
T2,375,1295
T2,376,1300
T2,377,1305
T2,378,1311
T2,379,1316
T2,380,1321
T2,381,1326
T2,382,1332
T2,383,1337
T2,384,1342
T2,385,1347
T2,386,1353
T2,387,1358
T2,388,1363
T2,389,1368
T2,390,1374
T2,391,1379
T2,392,1384
T2,393,1389
T2,394,1395
T2,395,1400
T2,396,1406
T2,397,1411
T2,398,1417
T2,399,1422
T2,400,1428
T2,401,1433
T2,402,1439
T2,403,1444
T2,404,1450
T2,405,1456
T2,406,1461
T2,407,1467
T2,408,1472
T2,409,1478
T2,410,1483
T2,411,1489
T2,412,1494
T2,413,1500
T2,414,1506
T2,415,1511
T2,416,1517
T2,417,1522
T2,418,1528
T2,419,1533
T2,420,1539
T2,421,1544
T2,422,1550
T2,423,1556
T2,424,1561
T2,425,1567
T2,426,1572
T2,427,1578
T2,428,1583
T2,429,1589
T2,430,1594
T2,431,1600
T2,432,1606
T2,433,1612
T2,434,1618
T2,435,1624
T2,436,1629
T2,437,1635
T2,438,1641
T2,439,1647
T2,440,1653
T2,441,1659
T2,442,1665
T2,443,1671
T2,444,1676
T2,445,1682
T2,446,1688
T2,447,1694
T2,448,1700
T2,449,1706
T2,450,1712
T2,451,1718
T2,452,1724
T2,453,1729
T2,454,1735
T2,455,1741
T2,456,1747
T2,457,1753
T2,458,1759
T2,459,1765
T2,460,1771
T2,461,1776
T2,462,1782
T2,463,1788
T2,464,1794
T2,465,1800
T2,466,1806
T2,467,1812
T2,468,1818
T2,469,1824
T2,470,1829
T2,471,1835
T2,472,1841
T2,473,1847
T2,474,1853
T2,475,1859
T2,476,1865
T2,477,1871
T2,478,1876
T2,479,1882
T2,480,1888
T2,481,1894
T2,482,1900
T2,483,1906
T2,484,1912
T2,485,1918
T2,486,1924
T2,487,1929
T2,488,1935
T2,489,1941
T2,490,1947
T2,491,1953
T2,492,1959
T2,493,1965
T2,494,1971
T2,495,1976
T2,496,1982
T2,497,1988
T2,498,1994
T2,499,2000
T2,500,2006
T2,501,2013
T2,502,2019
T2,503,2025
T2,504,2031
T2,505,2038
T2,506,2044
T2,507,2050
T2,508,2056
T2,509,2063
T2,510,2069
T2,511,2075
T2,512,2081
T2,513,2088
T2,514,2094
T2,515,2100
T2,516,2106
T2,517,2113
T2,518,2119
T2,519,2125
T2,520,2131
T2,521,2138
T2,522,2144
T2,523,2150
T2,524,2156
T2,525,2163
T2,526,2169
T2,527,2175
T2,528,2181
T2,529,2188
T2,530,2194
T2,531,2200
T2,532,2206
T2,533,2213
T2,534,2219
T2,535,2225
T2,536,2231
T2,537,2238
T2,538,2244
T2,539,2250
T2,540,2256
T2,541,2263
T2,542,2269
T2,543,2275
T2,544,2281
T2,545,2288
T2,546,2294
T2,547,2300
T2,548,2306
T2,549,2313
T2,550,2319
T2,551,2325
T2,552,2331
T2,553,2338
T2,554,2344
T2,555,2350
T2,556,2356
T2,557,2363
T2,558,2369
T2,559,2375
T2,560,2381
T2,561,2388
T2,562,2394
T2,563,2400
T2,564,2406
T2,565,2413
T2,566,2419
T2,567,2425
T2,568,2431
T2,569,2438
T2,570,2444
T2,571,2450
T2,572,2456
T2,573,2463
T2,574,2469
T2,575,2475
T2,576,2481
T2,577,2488
T2,578,2494
T2,579,2500
T2,580,2506
T2,581,2513
T2,582,2519
T2,583,2525
T2,584,2531
T2,585,2538
T2,586,2544
T2,587,2550
T2,588,2556
T2,589,2563
T2,590,2569
T2,591,2575
T2,592,2581
T2,593,2588
T2,594,2594
T2,595,2600
T2,596,2606
T2,597,2613
T2,598,2619
T2,599,2626
T2,600,2632
T2,601,2639
T2,602,2645
T2,603,2652
T2,604,2658
T2,605,2665
T2,606,2671
T2,607,2677
T2,608,2684
T2,609,2690
T2,610,2697
T2,611,2703
T2,612,2710
T2,613,2716
T2,614,2723
T2,615,2729
T2,616,2735
T2,617,2742
T2,618,2748
T2,619,2755
T2,620,2761
T2,621,2768
T2,622,2774
T2,623,2781
T2,624,2787
T2,625,2794
T2,626,2800
T2,627,2807
T2,628,2813
T2,629,2820
T2,630,2827
T2,631,2833
T2,632,2840
T2,633,2847
T2,634,2853
T2,635,2860
T2,636,2867
T2,637,2873
T2,638,2880
T2,639,2887
T2,640,2893
T2,641,2900
T2,642,2907
T2,643,2913
T2,644,2920
T2,645,2927
T2,646,2933
T2,647,2940
T2,648,2947
T2,649,2953
T2,650,2960
T2,651,2967
T2,652,2973
T2,653,2980
T2,654,2987
T2,655,2993
T2,656,3000
T2,657,3007
T2,658,3013
T2,659,3020
T2,660,3027
T2,661,3033
T2,662,3040
T2,663,3047
T2,664,3053
T2,665,3060
T2,666,3067
T2,667,3073
T2,668,3080
T2,669,3087
T2,670,3093
T2,671,3100
T2,672,3107
T2,673,3113
T2,674,3120
T2,675,3127
T2,676,3133
T2,677,3140
T2,678,3147
T2,679,3153
T2,680,3160
T2,681,3167
T2,682,3173
T2,683,3180
T2,684,3187
T2,685,3193
T2,686,3200
T2,687,3207
T2,688,3214
T2,689,3221
T2,690,3228
T2,691,3234
T2,692,3241
T2,693,3248
T2,694,3255
T2,695,3262
T2,696,3269
T2,697,3276
T2,698,3283
T2,699,3290
T2,700,3297
T2,701,3303
T2,702,3310
T2,703,3317
T2,704,3324
T2,705,3331
T2,706,3338
T2,707,3345
T2,708,3352
T2,709,3359
T2,710,3366
T2,711,3372
T2,712,3379
T2,713,3386
T2,714,3393
T2,715,3400
T2,716,3407
T2,717,3414
T2,718,3421
T2,719,3428
T2,720,3434
T2,721,3441
T2,722,3448
T2,723,3455
T2,724,3462
T2,725,3469
T2,726,3476
T2,727,3483
T2,728,3490
T2,729,3497
T2,730,3503
T2,731,3510
T2,732,3517
T2,733,3524
T2,734,3531
T2,735,3538
T2,736,3545
T2,737,3552
T2,738,3559
T2,739,3566
T2,740,3572
T2,741,3579
T2,742,3586
T2,743,3593
T2,744,3600
T2,745,3607
T2,746,3614
T2,747,3621
T2,748,3628
T2,749,3634
T2,750,3641
T2,751,3648
T2,752,3655
T2,753,3662
T2,754,3669
T2,755,3676
T2,756,3683
T2,757,3690
T2,758,3697
T2,759,3703
T2,760,3710
T2,761,3717
T2,762,3724
T2,763,3731
T2,764,3738
T2,765,3745
T2,766,3752
T2,767,3759
T2,768,3766
T2,769,3772
T2,770,3779
T2,771,3786
T2,772,3793
T2,773,3800
T2,774,3807
T2,775,3814
T2,776,3821
T2,777,3828
T2,778,3834
T2,779,3841
T2,780,3848
T2,781,3855
T2,782,3862
T2,783,3869
T2,784,3876
T2,785,3883
T2,786,3890
T2,787,3897
T2,788,3903
T2,789,3910
T2,790,3917
T2,791,3924
T2,792,3931
T2,793,3938
T2,794,3945
T2,795,3952
T2,796,3959
T2,797,3966
T2,798,3972
T2,799,3979
T2,800,3986
T2,801,3993
T2,802,4000
T2,803,4007
T2,804,4014
T2,805,4021
T2,806,4029
T2,807,4036
T2,808,4043
T2,809,4050
T2,810,4057
T2,811,4064
T2,812,4071
T2,813,4079
T2,814,4086
T2,815,4093
T2,816,4100
T2,817,4107
T2,818,4114
T2,819,4121
T2,820,4129
T2,821,4136
T2,822,4143
T2,823,4150
T2,824,4157
T2,825,4164
T2,826,4171
T2,827,4179
T2,828,4186
T2,829,4193
T2,830,4200
T2,831,4207
T2,832,4214
T2,833,4221
T2,834,4229
T2,835,4236
T2,836,4243
T2,837,4250
T2,838,4257
T2,839,4264
T2,840,4271
T2,841,4279
T2,842,4286
T2,843,4293
T2,844,4300
T2,845,4307
T2,846,4314
T2,847,4321
T2,848,4329
T2,849,4336
T2,850,4343
T2,851,4350
T2,852,4357
T2,853,4364
T2,854,4371
T2,855,4379
T2,856,4386
T2,857,4393
T2,858,4400
T2,859,4407
T2,860,4414
T2,861,4421
T2,862,4429
T2,863,4436
T2,864,4443
T2,865,4450
T2,866,4457
T2,867,4464
T2,868,4471
T2,869,4479
T2,870,4486
T2,871,4493
T2,872,4500
T2,873,4507
T2,874,4514
T2,875,4521
T2,876,4529
T2,877,4536
T2,878,4543
T2,879,4550
T2,880,4557
T2,881,4564
T2,882,4571
T2,883,4579
T2,884,4586
T2,885,4593
T2,886,4600
T2,887,4607
T2,888,4614
T2,889,4621
T2,890,4629
T2,891,4636
T2,892,4643
T2,893,4650
T2,894,4657
T2,895,4664
T2,896,4671
T2,897,4679
T2,898,4686
T2,899,4693
T2,900,4700
T2,901,4707
T2,902,4714
T2,903,4721
T2,904,4729
T2,905,4736
T2,906,4743
T2,907,4750
T2,908,4757
T2,909,4764
T2,910,4771
T2,911,4779
T2,912,4786
T2,913,4793
T2,914,4800
T2,915,4807
T2,916,4815
T2,917,4822
T2,918,4830
T2,919,4837
T2,920,4844
T2,921,4852
T2,922,4859
T2,923,4867
T2,924,4874
T2,925,4881
T2,926,4889
T2,927,4896
T2,928,4904
T2,929,4911
T2,930,4919
T2,931,4926
T2,932,4933
T2,933,4941
T2,934,4948
T2,935,4956
T2,936,4963
T2,937,4970
T2,938,4978
T2,939,4985
T2,940,4993
T2,941,5000
T2,942,5007
T2,943,5014
T2,944,5021
T2,945,5029
T2,946,5036
T2,947,5043
T2,948,5050
T2,949,5057
T2,950,5064
T2,951,5071
T2,952,5079
T2,953,5086
T2,954,5093
T2,955,5100
T2,956,5107
T2,957,5114
T2,958,5121
T2,959,5129
T2,960,5136
T2,961,5143
T2,962,5150
T2,963,5157
T2,964,5164
T2,965,5171
T2,966,5179
T2,967,5186
T2,968,5193
T2,969,5200
T2,970,5207
T2,971,5214
T2,972,5221
T2,973,5229
T2,974,5236
T2,975,5243
T2,976,5250
T2,977,5257
T2,978,5264
T2,979,5271
T2,980,5279
T2,981,5286
T2,982,5293
T2,983,5300
T2,984,5307
T2,985,5314
T2,986,5321
T2,987,5329
T2,988,5336
T2,989,5343
T2,990,5350
T2,991,5357
T2,992,5364
T2,993,5371
T2,994,5379
T2,995,5386
T2,996,5393
T2,997,5400
T2,998,5407
T2,999,5415
T2,1000,5422
T2,1001,5430
T2,1002,5437
T2,1003,5444
T2,1004,5452
T2,1005,5459
T2,1006,5467
T2,1007,5474
T2,1008,5481
T2,1009,5489
T2,1010,5496
T2,1011,5504
T2,1012,5511
T2,1013,5519
T2,1014,5526
T2,1015,5533
T2,1016,5541
T2,1017,5548
T2,1018,5556
T2,1019,5563
T2,1020,5570
T2,1021,5578
T2,1022,5585
T2,1023,5593
T2,1024,5600
T2,1025,5607
T2,1026,5614
T2,1027,5621
T2,1028,5629
T2,1029,5636
T2,1030,5643
T2,1031,5650
T2,1032,5657
T2,1033,5664
T2,1034,5671
T2,1035,5679
T2,1036,5686
T2,1037,5693
T2,1038,5700
T2,1039,5707
T2,1040,5714
T2,1041,5721
T2,1042,5729
T2,1043,5736
T2,1044,5743
T2,1045,5750
T2,1046,5757
T2,1047,5764
T2,1048,5771
T2,1049,5779
T2,1050,5786
T2,1051,5793
T2,1052,5800
T2,1053,5808
T2,1054,5815
T2,1055,5823
T2,1056,5831
T2,1057,5838
T2,1058,5846
T2,1059,5854
T2,1060,5862
T2,1061,5869
T2,1062,5877
T2,1063,5885
T2,1064,5892
T2,1065,5900
T2,1066,5908
T2,1067,5915
T2,1068,5923
T2,1069,5931
T2,1070,5938
T2,1071,5946
T2,1072,5954
T2,1073,5962
T2,1074,5969
T2,1075,5977
T2,1076,5985
T2,1077,5992
T2,1078,6000
T2,1079,6007
T2,1080,6014
T2,1081,6021
T2,1082,6029
T2,1083,6036
T2,1084,6043
T2,1085,6050
T2,1086,6057
T2,1087,6064
T2,1088,6071
T2,1089,6079
T2,1090,6086
T2,1091,6093
T2,1092,6100
T2,1093,6107
T2,1094,6114
T2,1095,6121
T2,1096,6129
T2,1097,6136
T2,1098,6143
T2,1099,6150
T2,1100,6157
T2,1101,6164
T2,1102,6171
T2,1103,6179
T2,1104,6186
T2,1105,6193
T2,1106,6200
T2,1107,6207
T2,1108,6214
T2,1109,6221
T2,1110,6229
T2,1111,6236
T2,1112,6243
T2,1113,6250
T2,1114,6257
T2,1115,6264
T2,1116,6271
T2,1117,6279
T2,1118,6286
T2,1119,6293
T2,1120,6300
T2,1121,6307
T2,1122,6314
T2,1123,6321
T2,1124,6329
T2,1125,6336
T2,1126,6343
T2,1127,6350
T2,1128,6357
T2,1129,6364
T2,1130,6371
T2,1131,6379
T2,1132,6386
T2,1133,6393
T2,1134,6400
T2,1135,6407
T2,1136,6415
T2,1137,6422
T2,1138,6430
T2,1139,6437
T2,1140,6444
T2,1141,6452
T2,1142,6459
T2,1143,6467
T2,1144,6474
T2,1145,6481
T2,1146,6489
T2,1147,6496
T2,1148,6504
T2,1149,6511
T2,1150,6519
T2,1151,6526
T2,1152,6533
T2,1153,6541
T2,1154,6548
T2,1155,6556
T2,1156,6563
T2,1157,6570
T2,1158,6578
T2,1159,6585
T2,1160,6593
T2,1161,6600
T2,1162,6607
T2,1163,6615
T2,1164,6622
T2,1165,6630
T2,1166,6637
T2,1167,6644
T2,1168,6652
T2,1169,6659
T2,1170,6667
T2,1171,6674
T2,1172,6681
T2,1173,6689
T2,1174,6696
T2,1175,6704
T2,1176,6711
T2,1177,6719
T2,1178,6726
T2,1179,6733
T2,1180,6741
T2,1181,6748
T2,1182,6756
T2,1183,6763
T2,1184,6770
T2,1185,6778
T2,1186,6785
T2,1187,6793
T2,1188,6800
T2,1189,6807
T2,1190,6814
T2,1191,6821
T2,1192,6829
T2,1193,6836
T2,1194,6843
T2,1195,6850
T2,1196,6857
T2,1197,6864
T2,1198,6871
T2,1199,6879
T2,1200,6886
T2,1201,6893
T2,1202,6900
T2,1203,6907
T2,1204,6914
T2,1205,6921
T2,1206,6929
T2,1207,6936
T2,1208,6943
T2,1209,6950
T2,1210,6957
T2,1211,6964
T2,1212,6971
T2,1213,6979
T2,1214,6986
T2,1215,6993
T2,1216,7000
T2,1217,7007
T2,1218,7015
T2,1219,7022
T2,1220,7030
T2,1221,7037
T2,1222,7044
T2,1223,7052
T2,1224,7059
T2,1225,7067
T2,1226,7074
T2,1227,7081
T2,1228,7089
T2,1229,7096
T2,1230,7104
T2,1231,7111
T2,1232,7119
T2,1233,7126
T2,1234,7133
T2,1235,7141
T2,1236,7148
T2,1237,7156
T2,1238,7163
T2,1239,7170
T2,1240,7178
T2,1241,7185
T2,1242,7193
T2,1243,7200
T2,1244,7207
T2,1245,7214
T2,1246,7221
T2,1247,7229
T2,1248,7236
T2,1249,7243
T2,1250,7250
T2,1251,7257
T2,1252,7264
T2,1253,7271
T2,1254,7279
T2,1255,7286
T2,1256,7293
T2,1257,7300
T2,1258,7307
T2,1259,7314
T2,1260,7321
T2,1261,7329
T2,1262,7336
T2,1263,7343
T2,1264,7350
T2,1265,7357
T2,1266,7364
T2,1267,7371
T2,1268,7379
T2,1269,7386
T2,1270,7393
T2,1271,7400
T2,1272,7407
T2,1273,7414
T2,1274,7421
T2,1275,7429
T2,1276,7436
T2,1277,7443
T2,1278,7450
T2,1279,7457
T2,1280,7464
T2,1281,7471
T2,1282,7479
T2,1283,7486
T2,1284,7493
T2,1285,7500
T2,1286,7507
T2,1287,7514
T2,1288,7521
T2,1289,7529
T2,1290,7536
T2,1291,7543
T2,1292,7550
T2,1293,7557
T2,1294,7564
T2,1295,7571
T2,1296,7579
T2,1297,7586
T2,1298,7593
T2,1299,7600
T2,1300,7607
T2,1301,7615
T2,1302,7622
T2,1303,7630
T2,1304,7637
T2,1305,7644
T2,1306,7652
T2,1307,7659
T2,1308,7667
T2,1309,7674
T2,1310,7681
T2,1311,7689
T2,1312,7696
T2,1313,7704
T2,1314,7711
T2,1315,7719
T2,1316,7726
T2,1317,7733
T2,1318,7741
T2,1319,7748
T2,1320,7756
T2,1321,7763
T2,1322,7770
T2,1323,7778
T2,1324,7785
T2,1325,7793
T2,1326,7800
T2,1327,7807
T2,1328,7814
T2,1329,7821
T2,1330,7829
T2,1331,7836
T2,1332,7843
T2,1333,7850
T2,1334,7857
T2,1335,7864
T2,1336,7871
T2,1337,7879
T2,1338,7886
T2,1339,7893
T2,1340,7900
T2,1341,7907
T2,1342,7914
T2,1343,7921
T2,1344,7929
T2,1345,7936
T2,1346,7943
T2,1347,7950
T2,1348,7957
T2,1349,7964
T2,1350,7971
T2,1351,7979
T2,1352,7986
T2,1353,7993
T2,1354,8000
T2,1355,8007
T2,1356,8014
T2,1357,8021
T2,1358,8028
T2,1359,8034
T2,1360,8041
T2,1361,8048
T2,1362,8055
T2,1363,8062
T2,1364,8069
T2,1365,8076
T2,1366,8083
T2,1367,8090
T2,1368,8097
T2,1369,8103
T2,1370,8110
T2,1371,8117
T2,1372,8124
T2,1373,8131
T2,1374,8138
T2,1375,8145
T2,1376,8152
T2,1377,8159
T2,1378,8166
T2,1379,8172
T2,1380,8179
T2,1381,8186
T2,1382,8193
T2,1383,8200
T2,1384,8207
T2,1385,8214
T2,1386,8221
T2,1387,8229
T2,1388,8236
T2,1389,8243
T2,1390,8250
T2,1391,8257
T2,1392,8264
T2,1393,8271
T2,1394,8279
T2,1395,8286
T2,1396,8293
T2,1397,8300
T2,1398,8307
T2,1399,8314
T2,1400,8321
T2,1401,8329
T2,1402,8336
T2,1403,8343
T2,1404,8350
T2,1405,8357
T2,1406,8364
T2,1407,8371
T2,1408,8379
T2,1409,8386
T2,1410,8393
T2,1411,8400
T2,1412,8407
T2,1413,8414
T2,1414,8421
T2,1415,8429
T2,1416,8436
T2,1417,8443
T2,1418,8450
T2,1419,8457
T2,1420,8464
T2,1421,8471
T2,1422,8479
T2,1423,8486
T2,1424,8493
T2,1425,8500
T2,1426,8507
T2,1427,8514
T2,1428,8521
T2,1429,8529
T2,1430,8536
T2,1431,8543
T2,1432,8550
T2,1433,8557
T2,1434,8564
T2,1435,8571
T2,1436,8579
T2,1437,8586
T2,1438,8593
T2,1439,8600
T2,1440,8607
T2,1441,8614
T2,1442,8621
T2,1443,8629
T2,1444,8636
T2,1445,8643
T2,1446,8650
T2,1447,8657
T2,1448,8664
T2,1449,8671
T2,1450,8679
T2,1451,8686
T2,1452,8693
T2,1453,8700
T2,1454,8707
T2,1455,8714
T2,1456,8721
T2,1457,8729
T2,1458,8736
T2,1459,8743
T2,1460,8750
T2,1461,8757
T2,1462,8764
T2,1463,8771
T2,1464,8779
T2,1465,8786
T2,1466,8793
T2,1467,8800
T2,1468,8807
T2,1469,8813
T2,1470,8820
T2,1471,8827
T2,1472,8833
T2,1473,8840
T2,1474,8847
T2,1475,8853
T2,1476,8860
T2,1477,8867
T2,1478,8873
T2,1479,8880
T2,1480,8887
T2,1481,8893
T2,1482,8900
T2,1483,8907
T2,1484,8913
T2,1485,8920
T2,1486,8927
T2,1487,8933
T2,1488,8940
T2,1489,8947
T2,1490,8953
T2,1491,8960
T2,1492,8967
T2,1493,8973
T2,1494,8980
T2,1495,8987
T2,1496,8993
T2,1497,9000
T2,1498,9007
T2,1499,9013
T2,1500,9020
T2,1501,9027
T2,1502,9033
T2,1503,9040
T2,1504,9047
T2,1505,9053
T2,1506,9060
T2,1507,9067
T2,1508,9073
T2,1509,9080
T2,1510,9087
T2,1511,9093
T2,1512,9100
T2,1513,9107
T2,1514,9113
T2,1515,9120
T2,1516,9127
T2,1517,9133
T2,1518,9140
T2,1519,9147
T2,1520,9153
T2,1521,9160
T2,1522,9167
T2,1523,9173
T2,1524,9180
T2,1525,9187
T2,1526,9193
T2,1527,9200
T2,1528,9207
T2,1529,9213
T2,1530,9220
T2,1531,9227
T2,1532,9233
T2,1533,9240
T2,1534,9247
T2,1535,9253
T2,1536,9260
T2,1537,9267
T2,1538,9273
T2,1539,9280
T2,1540,9287
T2,1541,9293
T2,1542,9300
T2,1543,9307
T2,1544,9313
T2,1545,9320
T2,1546,9327
T2,1547,9333
T2,1548,9340
T2,1549,9347
T2,1550,9353
T2,1551,9360
T2,1552,9367
T2,1553,9373
T2,1554,9380
T2,1555,9387
T2,1556,9393
T2,1557,9400
T2,1558,9406
T2,1559,9412
T2,1560,9419
T2,1561,9425
T2,1562,9431
T2,1563,9437
T2,1564,9444
T2,1565,9450
T2,1566,9456
T2,1567,9462
T2,1568,9469
T2,1569,9475
T2,1570,9481
T2,1571,9487
T2,1572,9494
T2,1573,9500
T2,1574,9506
T2,1575,9512
T2,1576,9519
T2,1577,9525
T2,1578,9531
T2,1579,9537
T2,1580,9544
T2,1581,9550
T2,1582,9556
T2,1583,9562
T2,1584,9569
T2,1585,9575
T2,1586,9581
T2,1587,9587
T2,1588,9594
T2,1589,9600
T2,1590,9607
T2,1591,9613
T2,1592,9620
T2,1593,9627
T2,1594,9633
T2,1595,9640
T2,1596,9647
T2,1597,9653
T2,1598,9660
T2,1599,9667
T2,1600,9673
T2,1601,9680
T2,1602,9687
T2,1603,9693
T2,1604,9700
T2,1605,9707
T2,1606,9713
T2,1607,9720
T2,1608,9727
T2,1609,9733
T2,1610,9740
T2,1611,9747
T2,1612,9753
T2,1613,9760
T2,1614,9767
T2,1615,9773
T2,1616,9780
T2,1617,9787
T2,1618,9793
T2,1619,9800
T2,1620,9806
T2,1621,9812
T2,1622,9819
T2,1623,9825
T2,1624,9831
T2,1625,9837
T2,1626,9844
T2,1627,9850
T2,1628,9856
T2,1629,9862
T2,1630,9869
T2,1631,9875
T2,1632,9881
T2,1633,9887
T2,1634,9894
T2,1635,9900
T2,1636,9906
T2,1637,9912
T2,1638,9919
T2,1639,9925
T2,1640,9931
T2,1641,9937
T2,1642,9944
T2,1643,9950
T2,1644,9956
T2,1645,9962
T2,1646,9969
T2,1647,9975
T2,1648,9981
T2,1649,9987
T2,1650,9994
T2,1651,10000
T2,1652,10006
T2,1653,10012
T2,1654,10018
T2,1655,10024
T2,1656,10030
T2,1657,10036
T2,1658,10042
T2,1659,10048
T2,1660,10055
T2,1661,10061
T2,1662,10067
T2,1663,10073
T2,1664,10079
T2,1665,10085
T2,1666,10091
T2,1667,10097
T2,1668,10103
T2,1669,10109
T2,1670,10115
T2,1671,10121
T2,1672,10127
T2,1673,10133
T2,1674,10139
T2,1675,10145
T2,1676,10152
T2,1677,10158
T2,1678,10164
T2,1679,10170
T2,1680,10176
T2,1681,10182
T2,1682,10188
T2,1683,10194
T2,1684,10200
T2,1685,10206
T2,1686,10212
T2,1687,10218
T2,1688,10224
T2,1689,10230
T2,1690,10236
T2,1691,10242
T2,1692,10248
T2,1693,10255
T2,1694,10261
T2,1695,10267
T2,1696,10273
T2,1697,10279
T2,1698,10285
T2,1699,10291
T2,1700,10297
T2,1701,10303
T2,1702,10309
T2,1703,10315
T2,1704,10321
T2,1705,10327
T2,1706,10333
T2,1707,10339
T2,1708,10345
T2,1709,10352
T2,1710,10358
T2,1711,10364
T2,1712,10370
T2,1713,10376
T2,1714,10382
T2,1715,10388
T2,1716,10394
T2,1717,10400
T2,1718,10406
T2,1719,10411
T2,1720,10417
T2,1721,10423
T2,1722,10429
T2,1723,10434
T2,1724,10440
T2,1725,10446
T2,1726,10451
T2,1727,10457
T2,1728,10463
T2,1729,10469
T2,1730,10474
T2,1731,10480
T2,1732,10486
T2,1733,10491
T2,1734,10497
T2,1735,10503
T2,1736,10509
T2,1737,10514
T2,1738,10520
T2,1739,10526
T2,1740,10531
T2,1741,10537
T2,1742,10543
T2,1743,10549
T2,1744,10554
T2,1745,10560
T2,1746,10566
T2,1747,10571
T2,1748,10577
T2,1749,10583
T2,1750,10589
T2,1751,10594
T2,1752,10600
T2,1753,10606
T2,1754,10611
T2,1755,10617
T2,1756,10623
T2,1757,10629
T2,1758,10634
T2,1759,10640
T2,1760,10646
T2,1761,10651
T2,1762,10657
T2,1763,10663
T2,1764,10669
T2,1765,10674
T2,1766,10680
T2,1767,10686
T2,1768,10691
T2,1769,10697
T2,1770,10703
T2,1771,10709
T2,1772,10714
T2,1773,10720
T2,1774,10726
T2,1775,10731
T2,1776,10737
T2,1777,10743
T2,1778,10749
T2,1779,10754
T2,1780,10760
T2,1781,10766
T2,1782,10771
T2,1783,10777
T2,1784,10783
T2,1785,10789
T2,1786,10794
T2,1787,10800
T2,1788,10806
T2,1789,10811
T2,1790,10817
T2,1791,10822
T2,1792,10828
T2,1793,10833
T2,1794,10839
T2,1795,10844
T2,1796,10850
T2,1797,10856
T2,1798,10861
T2,1799,10867
T2,1800,10872
T2,1801,10878
T2,1802,10883
T2,1803,10889
T2,1804,10894
T2,1805,10900
T2,1806,10906
T2,1807,10911
T2,1808,10917
T2,1809,10922
T2,1810,10928
T2,1811,10933
T2,1812,10939
T2,1813,10944
T2,1814,10950
T2,1815,10956
T2,1816,10961
T2,1817,10967
T2,1818,10972
T2,1819,10978
T2,1820,10983
T2,1821,10989
T2,1822,10994
T2,1823,11000
T2,1824,11005
T2,1825,11011
T2,1826,11016
T2,1827,11021
T2,1828,11026
T2,1829,11032
T2,1830,11037
T2,1831,11042
T2,1832,11047
T2,1833,11053
T2,1834,11058
T2,1835,11063
T2,1836,11068
T2,1837,11074
T2,1838,11079
T2,1839,11084
T2,1840,11089
T2,1841,11095
T2,1842,11100
T2,1843,11105
T2,1844,11111
T2,1845,11116
T2,1846,11121
T2,1847,11126
T2,1848,11132
T2,1849,11137
T2,1850,11142
T2,1851,11147
T2,1852,11153
T2,1853,11158
T2,1854,11163
T2,1855,11168
T2,1856,11174
T2,1857,11179
T2,1858,11184
T2,1859,11189
T2,1860,11195
T2,1861,11200
T2,1862,11205
T2,1863,11210
T2,1864,11214
T2,1865,11219
T2,1866,11224
T2,1867,11229
T2,1868,11233
T2,1869,11238
T2,1870,11243
T2,1871,11248
T2,1872,11252
T2,1873,11257
T2,1874,11262
T2,1875,11267
T2,1876,11271
T2,1877,11276
T2,1878,11281
T2,1879,11286
T2,1880,11290
T2,1881,11295
T2,1882,11300
T2,1883,11305
T2,1884,11310
T2,1885,11314
T2,1886,11319
T2,1887,11324
T2,1888,11329
T2,1889,11333
T2,1890,11338
T2,1891,11343
T2,1892,11348
T2,1893,11352
T2,1894,11357
T2,1895,11362
T2,1896,11367
T2,1897,11371
T2,1898,11376
T2,1899,11381
T2,1900,11386
T2,1901,11390
T2,1902,11395
T2,1903,11400
T2,1904,11405
T2,1905,11409
T2,1906,11414
T2,1907,11419
T2,1908,11423
T2,1909,11428
T2,1910,11433
T2,1911,11437
T2,1912,11442
T2,1913,11447
T2,1914,11451
T2,1915,11456
T2,1916,11460
T2,1917,11465
T2,1918,11470
T2,1919,11474
T2,1920,11479
T2,1921,11484
T2,1922,11488
T2,1923,11493
T2,1924,11498
T2,1925,11502
T2,1926,11507
T2,1927,11512
T2,1928,11516
T2,1929,11521
T2,1930,11526
T2,1931,11530
T2,1932,11535
T2,1933,11540
T2,1934,11544
T2,1935,11549
T2,1936,11553
T2,1937,11558
T2,1938,11563
T2,1939,11567
T2,1940,11572
T2,1941,11577
T2,1942,11581
T2,1943,11586
T2,1944,11591
T2,1945,11595
T2,1946,11600
T2,1947,11604
T2,1948,11608
T2,1949,11612
T2,1950,11616
T2,1951,11620
T2,1952,11624
T2,1953,11629
T2,1954,11633
T2,1955,11637
T2,1956,11641
T2,1957,11645
T2,1958,11649
T2,1959,11653
T2,1960,11657
T2,1961,11661
T2,1962,11665
T2,1963,11669
T2,1964,11673
T2,1965,11678
T2,1966,11682
T2,1967,11686
T2,1968,11690
T2,1969,11694
T2,1970,11698
T2,1971,11702
T2,1972,11706
T2,1973,11710
T2,1974,11714
T2,1975,11718
T2,1976,11722
T2,1977,11727
T2,1978,11731
T2,1979,11735
T2,1980,11739
T2,1981,11743
T2,1982,11747
T2,1983,11751
T2,1984,11755
T2,1985,11759
T2,1986,11763
T2,1987,11767
T2,1988,11771
T2,1989,11776
T2,1990,11780
T2,1991,11784
T2,1992,11788
T2,1993,11792
T2,1994,11796
T2,1995,11800
T2,1996,11804
T2,1997,11807
T2,1998,11811
T2,1999,11814
T2,2000,11818
T2,2001,11821
T2,2002,11825
T2,2003,11829
T2,2004,11832
T2,2005,11836
T2,2006,11839
T2,2007,11843
T2,2008,11846
T2,2009,11850
T2,2010,11854
T2,2011,11857
T2,2012,11861
T2,2013,11864
T2,2014,11868
T2,2015,11871
T2,2016,11875
T2,2017,11879
T2,2018,11882
T2,2019,11886
T2,2020,11889
T2,2021,11893
T2,2022,11896
T2,2023,11900
T2,2024,11904
T2,2025,11907
T2,2026,11911
T2,2027,11914
T2,2028,11918
T2,2029,11921
T2,2030,11925
T2,2031,11929
T2,2032,11932
T2,2033,11936
T2,2034,11939
T2,2035,11943
T2,2036,11946
T2,2037,11950
T2,2038,11954
T2,2039,11957
T2,2040,11961
T2,2041,11964
T2,2042,11968
T2,2043,11971
T2,2044,11975
T2,2045,11979
T2,2046,11982
T2,2047,11986
T2,2048,11989
T2,2049,11993
T2,2050,11996
T2,2051,12000
