tank_code,dip_mm,litres
T1,1,1
T1,2,3
T1,3,4
T1,4,5
T1,5,7
T1,6,8
T1,7,10
T1,8,11
T1,9,12
T1,10,14
T1,11,15
T1,12,16
T1,13,18
T1,14,19
T1,15,20
T1,16,22
T1,17,23
T1,18,24
T1,19,26
T1,20,27
T1,21,29
T1,22,30
T1,23,31
T1,24,33
T1,25,34
T1,26,35
T1,27,37
T1,28,38
T1,29,39
T1,30,41
T1,31,42
T1,32,44
T1,33,45
T1,34,46
T1,35,48
T1,36,49
T1,37,50
T1,38,52
T1,39,53
T1,40,54
T1,41,56
T1,42,57
T1,43,59
T1,44,60
T1,45,61
T1,46,63
T1,47,64
T1,48,65
T1,49,67
T1,50,68
T1,51,69
T1,52,71
T1,53,72
T1,54,73
T1,55,75
T1,56,76
T1,57,78
T1,58,79
T1,59,80
T1,60,82
T1,61,83
T1,62,84
T1,63,86
T1,64,87
T1,65,88
T1,66,90
T1,67,91
T1,68,93
T1,69,94
T1,70,95
T1,71,97
T1,72,98
T1,73,99
T1,74,101
T1,75,102
T1,76,103
T1,77,105
T1,78,106
T1,79,107
T1,80,109
T1,81,110
T1,82,112
T1,83,113
T1,84,114
T1,85,116
T1,86,117
T1,87,118
T1,88,120
T1,89,121
T1,90,122
T1,91,124
T1,92,125
T1,93,127
T1,94,128
T1,95,129
T1,96,131
T1,97,132
T1,98,133
T1,99,135
T1,100,136
T1,101,137
T1,102,139
T1,103,140
T1,104,141
T1,105,143
T1,106,144
T1,107,146
T1,108,147
T1,109,148
T1,110,150
T1,111,151
T1,112,152
T1,113,154
T1,114,155
T1,115,156
T1,116,158
T1,117,159
T1,118,161
T1,119,162
T1,120,163
T1,121,165
T1,122,166
T1,123,167
T1,124,169
T1,125,170
T1,126,171
T1,127,173
T1,128,174
T1,129,176
T1,130,177
T1,131,178
T1,132,180
T1,133,181
T1,134,182
T1,135,184
T1,136,185
T1,137,186
T1,138,188
T1,139,189
T1,140,190
T1,141,192
T1,142,193
T1,143,195
T1,144,196
T1,145,197
T1,146,199
T1,147,200
T1,148,203
T1,149,206
T1,150,209
T1,151,212
T1,152,215
T1,153,218
T1,154,221
T1,155,224
T1,156,226
T1,157,229
T1,158,232
T1,159,235
T1,160,238
T1,161,241
T1,162,244
T1,163,247
T1,164,250
T1,165,253
T1,166,256
T1,167,259
T1,168,262
T1,169,265
T1,170,268
T1,171,271
T1,172,274
T1,173,276
T1,174,279
T1,175,282
T1,176,285
T1,177,288
T1,178,291
T1,179,294
T1,180,297
T1,181,300
T1,182,303
T1,183,306
T1,184,309
T1,185,312
T1,186,315
T1,187,318
T1,188,321
T1,189,324
T1,190,326
T1,191,329
T1,192,332
T1,193,335
T1,194,338
T1,195,341
T1,196,344
T1,197,347
T1,198,350
T1,199,353
T1,200,356
T1,201,359
T1,202,362
T1,203,365
T1,204,368
T1,205,371
T1,206,374
T1,207,376
T1,208,379
T1,209,382
T1,210,385
T1,211,388
T1,212,391
T1,213,394
T1,214,397
T1,215,400
T1,216,404
T1,217,408
T1,218,411
T1,219,415
T1,220,419
T1,221,423
T1,222,426
T1,223,430
T1,224,434
T1,225,438
T1,226,442
T1,227,445
T1,228,449
T1,229,453
T1,230,457
T1,231,460
T1,232,464
T1,233,468
T1,234,472
T1,235,475
T1,236,479
T1,237,483
T1,238,487
T1,239,491
T1,240,494
T1,241,498
T1,242,502
T1,243,506
T1,244,509
T1,245,513
T1,246,517
T1,247,521
T1,248,525
T1,249,528
T1,250,532
T1,251,536
T1,252,540
T1,253,543
T1,254,547
T1,255,551
T1,256,555
T1,257,558
T1,258,562
T1,259,566
T1,260,570
T1,261,574
T1,262,577
T1,263,581
T1,264,585
T1,265,589
T1,266,592
T1,267,596
T1,268,600
T1,269,604
T1,270,609
T1,271,613
T1,272,617
T1,273,622
T1,274,626
T1,275,630
T1,276,635
T1,277,639
T1,278,643
T1,279,648
T1,280,652
T1,281,657
T1,282,661
T1,283,665
T1,284,670
T1,285,674
T1,286,678
T1,287,683
T1,288,687
T1,289,691
T1,290,696
T1,291,700
T1,292,704
T1,293,709
T1,294,713
T1,295,717
T1,296,722
T1,297,726
T1,298,730
T1,299,735
T1,300,739
T1,301,743
T1,302,748
T1,303,752
T1,304,757
T1,305,761
T1,306,765
T1,307,770
T1,308,774
T1,309,778
T1,310,783
T1,311,787
T1,312,791
T1,313,796
T1,314,800
T1,315,805
T1,316,810
T1,317,814
T1,318,819
T1,319,824
T1,320,829
T1,321,833
T1,322,838
T1,323,843
T1,324,848
T1,325,852
T1,326,857
T1,327,862
T1,328,867
T1,329,871
T1,330,876
T1,331,881
T1,332,886
T1,333,890
T1,334,895
T1,335,900
T1,336,905
T1,337,910
T1,338,914
T1,339,919
T1,340,924
T1,341,929
T1,342,933
T1,343,938
T1,344,943
T1,345,948
T1,346,952
T1,347,957
T1,348,962
T1,349,967
T1,350,971
T1,351,976
T1,352,981
T1,353,986
T1,354,990
T1,355,995
T1,356,1000
T1,357,1005
T1,358,1011
T1,359,1016
T1,360,1021
T1,361,1026
T1,362,1032
T1,363,1037
T1,364,1042
T1,365,1047
T1,366,1053
T1,367,1058
T1,368,1063
T1,369,1068
T1,370,1074
T1,371,1079
T1,372,1084
T1,373,1089
T1,374,1095
T1,375,1100
T1,376,1105
T1,377,1111
T1,378,1116
T1,379,1121
T1,380,1126
T1,381,1132
T1,382,1137
T1,383,1142
T1,384,1147
T1,385,1153
T1,386,1158
T1,387,1163
T1,388,1168
T1,389,1174
T1,390,1179
T1,391,1184
T1,392,1189
T1,393,1195
T1,394,1200
T1,395,1205
T1,396,1211
T1,397,1216
T1,398,1221
T1,399,1226
T1,400,1232
T1,401,1237
T1,402,1242
T1,403,1247
T1,404,1253
T1,405,1258
T1,406,1263
T1,407,1268
T1,408,1274
T1,409,1279
T1,410,1284
T1,411,1289
T1,412,1295
T1,413,1300
T1,414,1305
T1,415,1311
T1,416,1316
T1,417,1321
T1,418,1326
T1,419,1332
T1,420,1337
T1,421,1342
T1,422,1347
T1,423,1353
T1,424,1358
T1,425,1363
T1,426,1368
T1,427,1374
T1,428,1379
T1,429,1384
T1,430,1389
T1,431,1395
T1,432,1400
T1,433,1406
T1,434,1411
T1,435,1417
T1,436,1422
T1,437,1428
T1,438,1433
T1,439,1439
T1,440,1444
T1,441,1450
T1,442,1456
T1,443,1461
T1,444,1467
T1,445,1472
T1,446,1478
T1,447,1483
T1,448,1489
T1,449,1494
T1,450,1500
T1,451,1506
T1,452,1511
T1,453,1517
T1,454,1522
T1,455,1528
T1,456,1533
T1,457,1539
T1,458,1544
T1,459,1550
T1,460,1556
T1,461,1561
T1,462,1567
T1,463,1572
T1,464,1578
T1,465,1583
T1,466,1589
T1,467,1594
T1,468,1600
T1,469,1606
T1,470,1611
T1,471,1617
T1,472,1623
T1,473,1629
T1,474,1634
T1,475,1640
T1,476,1646
T1,477,1651
T1,478,1657
T1,479,1663
T1,480,1669
T1,481,1674
T1,482,1680
T1,483,1686
T1,484,1691
T1,485,1697
T1,486,1703
T1,487,1709
T1,488,1714
T1,489,1720
T1,490,1726
T1,491,1731
T1,492,1737
T1,493,1743
T1,494,1749
T1,495,1754
T1,496,1760
T1,497,1766
T1,498,1771
T1,499,1777
T1,500,1783
T1,501,1789
T1,502,1794
T1,503,1800
T1,504,1806
T1,505,1812
T1,506,1818
T1,507,1824
T1,508,1830
T1,509,1836
T1,510,1842
T1,511,1848
T1,512,1855
T1,513,1861
T1,514,1867
T1,515,1873
T1,516,1879
T1,517,1885
T1,518,1891
T1,519,1897
T1,520,1903
T1,521,1909
T1,522,1915
T1,523,1921
T1,524,1927
T1,525,1933
T1,526,1939
T1,527,1945
T1,528,1952
T1,529,1958
T1,530,1964
T1,531,1970
T1,532,1976
T1,533,1982
T1,534,1988
T1,535,1994
T1,536,2000
T1,537,2006
T1,538,2013
T1,539,2019
T1,540,2025
T1,541,2031
T1,542,2038
T1,543,2044
T1,544,2050
T1,545,2056
T1,546,2063
T1,547,2069
T1,548,2075
T1,549,2081
T1,550,2088
T1,551,2094
T1,552,2100
T1,553,2106
T1,554,2113
T1,555,2119
T1,556,2125
T1,557,2131
T1,558,2138
T1,559,2144
T1,560,2150
T1,561,2156
T1,562,2163
T1,563,2169
T1,564,2175
T1,565,2181
T1,566,2188
T1,567,2194
T1,568,2200
T1,569,2206
T1,570,2213
T1,571,2219
T1,572,2225
T1,573,2231
T1,574,2238
T1,575,2244
T1,576,2250
T1,577,2256
T1,578,2263
T1,579,2269
T1,580,2275
T1,581,2281
T1,582,2288
T1,583,2294
T1,584,2300
T1,585,2306
T1,586,2313
T1,587,2319
T1,588,2325
T1,589,2331
T1,590,2338
T1,591,2344
T1,592,2350
T1,593,2356
T1,594,2363
T1,595,2369
T1,596,2375
T1,597,2381
T1,598,2388
T1,599,2394
T1,600,2400
T1,601,2407
T1,602,2413
T1,603,2420
T1,604,2427
T1,605,2433
T1,606,2440
T1,607,2447
T1,608,2453
T1,609,2460
T1,610,2467
T1,611,2473
T1,612,2480
T1,613,2487
T1,614,2493
T1,615,2500
T1,616,2507
T1,617,2513
T1,618,2520
T1,619,2527
T1,620,2533
T1,621,2540
T1,622,2547
T1,623,2553
T1,624,2560
T1,625,2567
T1,626,2573
T1,627,2580
T1,628,2587
T1,629,2593
T1,630,2600
T1,631,2606
T1,632,2613
T1,633,2619
T1,634,2625
T1,635,2631
T1,636,2638
T1,637,2644
T1,638,2650
T1,639,2656
T1,640,2663
T1,641,2669
T1,642,2675
T1,643,2681
T1,644,2688
T1,645,2694
T1,646,2700
T1,647,2706
T1,648,2713
T1,649,2719
T1,650,2725
T1,651,2731
T1,652,2738
T1,653,2744
T1,654,2750
T1,655,2756
T1,656,2763
T1,657,2769
T1,658,2775
T1,659,2781
T1,660,2788
T1,661,2794
T1,662,2800
T1,663,2807
T1,664,2813
T1,665,2820
T1,666,2827
T1,667,2833
T1,668,2840
T1,669,2847
T1,670,2853
T1,671,2860
T1,672,2867
T1,673,2873
T1,674,2880
T1,675,2887
T1,676,2893
T1,677,2900
T1,678,2907
T1,679,2913
T1,680,2920
T1,681,2927
T1,682,2933
T1,683,2940
T1,684,2947
T1,685,2953
T1,686,2960
T1,687,2967
T1,688,2973
T1,689,2980
T1,690,2987
T1,691,2993
T1,692,3000
T1,693,3007
T1,694,3013
T1,695,3020
T1,696,3027
T1,697,3033
T1,698,3040
T1,699,3047
T1,700,3053
T1,701,3060
T1,702,3067
T1,703,3073
T1,704,3080
T1,705,3087
T1,706,3093
T1,707,3100
T1,708,3107
T1,709,3113
T1,710,3120
T1,711,3127
T1,712,3133
T1,713,3140
T1,714,3147
T1,715,3153
T1,716,3160
T1,717,3167
T1,718,3173
T1,719,3180
T1,720,3187
T1,721,3193
T1,722,3200
T1,723,3207
T1,724,3214
T1,725,3221
T1,726,3228
T1,727,3234
T1,728,3241
T1,729,3248
T1,730,3255
T1,731,3262
T1,732,3269
T1,733,3276
T1,734,3283
T1,735,3290
T1,736,3297
T1,737,3303
T1,738,3310
T1,739,3317
T1,740,3324
T1,741,3331
T1,742,3338
T1,743,3345
T1,744,3352
T1,745,3359
T1,746,3366
T1,747,3372
T1,748,3379
T1,749,3386
T1,750,3393
T1,751,3400
T1,752,3407
T1,753,3413
T1,754,3420
T1,755,3427
T1,756,3433
T1,757,3440
T1,758,3447
T1,759,3453
T1,760,3460
T1,761,3467
T1,762,3473
T1,763,3480
T1,764,3487
T1,765,3493
T1,766,3500
T1,767,3507
T1,768,3513
T1,769,3520
T1,770,3527
T1,771,3533
T1,772,3540
T1,773,3547
T1,774,3553
T1,775,3560
T1,776,3567
T1,777,3573
T1,778,3580
T1,779,3587
T1,780,3593
T1,781,3600
T1,782,3607
T1,783,3614
T1,784,3621
T1,785,3629
T1,786,3636
T1,787,3643
T1,788,3650
T1,789,3657
T1,790,3664
T1,791,3671
T1,792,3679
T1,793,3686
T1,794,3693
T1,795,3700
T1,796,3707
T1,797,3714
T1,798,3721
T1,799,3729
T1,800,3736
T1,801,3743
T1,802,3750
T1,803,3757
T1,804,3764
T1,805,3771
T1,806,3779
T1,807,3786
T1,808,3793
T1,809,3800
T1,810,3807
T1,811,3814
T1,812,3821
T1,813,3829
T1,814,3836
T1,815,3843
T1,816,3850
T1,817,3857
T1,818,3864
T1,819,3871
T1,820,3879
T1,821,3886
T1,822,3893
T1,823,3900
T1,824,3907
T1,825,3914
T1,826,3921
T1,827,3929
T1,828,3936
T1,829,3943
T1,830,3950
T1,831,3957
T1,832,3964
T1,833,3971
T1,834,3979
T1,835,3986
T1,836,3993
T1,837,4000
T1,838,4007
T1,839,4014
T1,840,4021
T1,841,4029
T1,842,4036
T1,843,4043
T1,844,4050
T1,845,4057
T1,846,4064
T1,847,4071
T1,848,4079
T1,849,4086
T1,850,4093
T1,851,4100
T1,852,4107
T1,853,4114
T1,854,4121
T1,855,4129
T1,856,4136
T1,857,4143
T1,858,4150
T1,859,4157
T1,860,4164
T1,861,4171
T1,862,4179
T1,863,4186
T1,864,4193
T1,865,4200
T1,866,4207
T1,867,4214
T1,868,4221
T1,869,4229
T1,870,4236
T1,871,4243
T1,872,4250
T1,873,4257
T1,874,4264
T1,875,4271
T1,876,4279
T1,877,4286
T1,878,4293
T1,879,4300
T1,880,4307
T1,881,4314
T1,882,4321
T1,883,4329
T1,884,4336
T1,885,4343
T1,886,4350
T1,887,4357
T1,888,4364
T1,889,4371
T1,890,4379
T1,891,4386
T1,892,4393
T1,893,4400
T1,894,4407
T1,895,4414
T1,896,4421
T1,897,4429
T1,898,4436
T1,899,4443
T1,900,4450
T1,901,4457
T1,902,4464
T1,903,4471
T1,904,4479
T1,905,4486
T1,906,4493
T1,907,4500
T1,908,4507
T1,909,4514
T1,910,4521
T1,911,4529
T1,912,4536
T1,913,4543
T1,914,4550
T1,915,4557
T1,916,4564
T1,917,4571
T1,918,4579
T1,919,4586
T1,920,4593
T1,921,4600
T1,922,4607
T1,923,4614
T1,924,4621
T1,925,4629
T1,926,4636
T1,927,4643
T1,928,4650
T1,929,4657
T1,930,4664
T1,931,4671
T1,932,4679
T1,933,4686
T1,934,4693
T1,935,4700
T1,936,4707
T1,937,4714
T1,938,4721
T1,939,4729
T1,940,4736
T1,941,4743
T1,942,4750
T1,943,4757
T1,944,4764
T1,945,4771
T1,946,4779
T1,947,4786
T1,948,4793
T1,949,4800
T1,950,4807
T1,951,4814
T1,952,4821
T1,953,4828
T1,954,4834
T1,955,4841
T1,956,4848
T1,957,4855
T1,958,4862
T1,959,4869
T1,960,4876
T1,961,4883
T1,962,4890
T1,963,4897
T1,964,4903
T1,965,4910
T1,966,4917
T1,967,4924
T1,968,4931
T1,969,4938
T1,970,4945
T1,971,4952
T1,972,4959
T1,973,4966
T1,974,4972
T1,975,4979
T1,976,4986
T1,977,4993
T1,978,5000
T1,979,5007
T1,980,5015
T1,981,5022
T1,982,5030
T1,983,5037
T1,984,5044
T1,985,5052
T1,986,5059
T1,987,5067
T1,988,5074
T1,989,5081
T1,990,5089
T1,991,5096
T1,992,5104
T1,993,5111
T1,994,5119
T1,995,5126
T1,996,5133
T1,997,5141
T1,998,5148
T1,999,5156
T1,1000,5163
T1,1001,5170
T1,1002,5178
T1,1003,5185
T1,1004,5193
T1,1005,5200
T1,1006,5207
T1,1007,5215
T1,1008,5222
T1,1009,5230
T1,1010,5237
T1,1011,5244
T1,1012,5252
T1,1013,5259
T1,1014,5267
T1,1015,5274
T1,1016,5281
T1,1017,5289
T1,1018,5296
T1,1019,5304
T1,1020,5311
T1,1021,5319
T1,1022,5326
T1,1023,5333
T1,1024,5341
T1,1025,5348
T1,1026,5356
T1,1027,5363
T1,1028,5370
T1,1029,5378
T1,1030,5385
T1,1031,5393
T1,1032,5400
T1,1033,5407
T1,1034,5415
T1,1035,5422
T1,1036,5430
T1,1037,5437
T1,1038,5444
T1,1039,5452
T1,1040,5459
T1,1041,5467
T1,1042,5474
T1,1043,5481
T1,1044,5489
T1,1045,5496
T1,1046,5504
T1,1047,5511
T1,1048,5519
T1,1049,5526
T1,1050,5533
T1,1051,5541
T1,1052,5548
T1,1053,5556
T1,1054,5563
T1,1055,5570
T1,1056,5578
T1,1057,5585
T1,1058,5593
T1,1059,5600
T1,1060,5607
T1,1061,5614
T1,1062,5621
T1,1063,5629
T1,1064,5636
T1,1065,5643
T1,1066,5650
T1,1067,5657
T1,1068,5664
T1,1069,5671
T1,1070,5679
T1,1071,5686
T1,1072,5693
T1,1073,5700
T1,1074,5707
T1,1075,5714
T1,1076,5721
T1,1077,5729
T1,1078,5736
T1,1079,5743
T1,1080,5750
T1,1081,5757
T1,1082,5764
T1,1083,5771
T1,1084,5779
T1,1085,5786
T1,1086,5793
T1,1087,5800
T1,1088,5807
T1,1089,5814
T1,1090,5821
T1,1091,5829
T1,1092,5836
T1,1093,5843
T1,1094,5850
T1,1095,5857
T1,1096,5864
T1,1097,5871
T1,1098,5879
T1,1099,5886
T1,1100,5893
T1,1101,5900
T1,1102,5907
T1,1103,5914
T1,1104,5921
T1,1105,5929
T1,1106,5936
T1,1107,5943
T1,1108,5950
T1,1109,5957
T1,1110,5964
T1,1111,5971
T1,1112,5979
T1,1113,5986
T1,1114,5993
T1,1115,6000
T1,1116,6008
T1,1117,6016
T1,1118,6024
T1,1119,6032
T1,1120,6040
T1,1121,6048
T1,1122,6056
T1,1123,6064
T1,1124,6072
T1,1125,6080
T1,1126,6088
T1,1127,6096
T1,1128,6104
T1,1129,6112
T1,1130,6120
T1,1131,6128
T1,1132,6136
T1,1133,6144
T1,1134,6152
T1,1135,6160
T1,1136,6168
T1,1137,6176
T1,1138,6184
T1,1139,6192
T1,1140,6200
T1,1141,6207
T1,1142,6214
T1,1143,6221
T1,1144,6229
T1,1145,6236
T1,1146,6243
T1,1147,6250
T1,1148,6257
T1,1149,6264
T1,1150,6271
T1,1151,6279
T1,1152,6286
T1,1153,6293
T1,1154,6300
T1,1155,6307
T1,1156,6314
T1,1157,6321
T1,1158,6329
T1,1159,6336
T1,1160,6343
T1,1161,6350
T1,1162,6357
T1,1163,6364
T1,1164,6371
T1,1165,6379
T1,1166,6386
T1,1167,6393
T1,1168,6400
T1,1169,6407
T1,1170,6415
T1,1171,6422
T1,1172,6430
T1,1173,6437
T1,1174,6444
T1,1175,6452
T1,1176,6459
T1,1177,6467
T1,1178,6474
T1,1179,6481
T1,1180,6489
T1,1181,6496
T1,1182,6504
T1,1183,6511
T1,1184,6519
T1,1185,6526
T1,1186,6533
T1,1187,6541
T1,1188,6548
T1,1189,6556
T1,1190,6563
T1,1191,6570
T1,1192,6578
T1,1193,6585
T1,1194,6593
T1,1195,6600
T1,1196,6607
T1,1197,6615
T1,1198,6622
T1,1199,6630
T1,1200,6637
T1,1201,6644
T1,1202,6652
T1,1203,6659
T1,1204,6667
T1,1205,6674
T1,1206,6681
T1,1207,6689
T1,1208,6696
T1,1209,6704
T1,1210,6711
T1,1211,6719
T1,1212,6726
T1,1213,6733
T1,1214,6741
T1,1215,6748
T1,1216,6756
T1,1217,6763
T1,1218,6770
T1,1219,6778
T1,1220,6785
T1,1221,6793
T1,1222,6800
T1,1223,6807
T1,1224,6815
T1,1225,6822
T1,1226,6830
T1,1227,6837
T1,1228,6844
T1,1229,6852
T1,1230,6859
T1,1231,6867
T1,1232,6874
T1,1233,6881
T1,1234,6889
T1,1235,6896
T1,1236,6904
T1,1237,6911
T1,1238,6919
T1,1239,6926
T1,1240,6933
T1,1241,6941
T1,1242,6948
T1,1243,6956
T1,1244,6963
T1,1245,6970
T1,1246,6978
T1,1247,6985
T1,1248,6993
T1,1249,7000
T1,1250,7007
T1,1251,7014
T1,1252,7021
T1,1253,7029
T1,1254,7036
T1,1255,7043
T1,1256,7050
T1,1257,7057
T1,1258,7064
T1,1259,7071
T1,1260,7079
T1,1261,7086
T1,1262,7093
T1,1263,7100
T1,1264,7107
T1,1265,7114
T1,1266,7121
T1,1267,7129
T1,1268,7136
T1,1269,7143
T1,1270,7150
T1,1271,7157
T1,1272,7164
T1,1273,7171
T1,1274,7179
T1,1275,7186
T1,1276,7193
T1,1277,7200
T1,1278,7207
T1,1279,7215
T1,1280,7222
T1,1281,7230
T1,1282,7237
T1,1283,7244
T1,1284,7252
T1,1285,7259
T1,1286,7267
T1,1287,7274
T1,1288,7281
T1,1289,7289
T1,1290,7296
T1,1291,7304
T1,1292,7311
T1,1293,7319
T1,1294,7326
T1,1295,7333
T1,1296,7341
T1,1297,7348
T1,1298,7356
T1,1299,7363
T1,1300,7370
T1,1301,7378
T1,1302,7385
T1,1303,7393
T1,1304,7400
T1,1305,7407
T1,1306,7415
T1,1307,7422
T1,1308,7430
T1,1309,7437
T1,1310,7444
T1,1311,7452
T1,1312,7459
T1,1313,7467
T1,1314,7474
T1,1315,7481
T1,1316,7489
T1,1317,7496
T1,1318,7504
T1,1319,7511
T1,1320,7519
T1,1321,7526
T1,1322,7533
T1,1323,7541
T1,1324,7548
T1,1325,7556
T1,1326,7563
T1,1327,7570
T1,1328,7578
T1,1329,7585
T1,1330,7593
T1,1331,7600
T1,1332,7607
T1,1333,7615
T1,1334,7622
T1,1335,7630
T1,1336,7637
T1,1337,7644
T1,1338,7652
T1,1339,7659
T1,1340,7667
T1,1341,7674
T1,1342,7681
T1,1343,7689
T1,1344,7696
T1,1345,7704
T1,1346,7711
T1,1347,7719
T1,1348,7726
T1,1349,7733
T1,1350,7741
T1,1351,7748
T1,1352,7756
T1,1353,7763
T1,1354,7770
T1,1355,7778
T1,1356,7785
T1,1357,7793
T1,1358,7800
T1,1359,7807
T1,1360,7814
T1,1361,7821
T1,1362,7829
T1,1363,7836
T1,1364,7843
T1,1365,7850
T1,1366,7857
T1,1367,7864
T1,1368,7871
T1,1369,7879
T1,1370,7886
T1,1371,7893
T1,1372,7900
T1,1373,7907
T1,1374,7914
T1,1375,7921
T1,1376,7929
T1,1377,7936
T1,1378,7943
T1,1379,7950
T1,1380,7957
T1,1381,7964
T1,1382,7971
T1,1383,7979
T1,1384,7986
T1,1385,7993
T1,1386,8000
T1,1387,8007
T1,1388,8014
T1,1389,8021
T1,1390,8029
T1,1391,8036
T1,1392,8043
T1,1393,8050
T1,1394,8057
T1,1395,8064
T1,1396,8071
T1,1397,8079
T1,1398,8086
T1,1399,8093
T1,1400,8100
T1,1401,8107
T1,1402,8114
T1,1403,8121
T1,1404,8129
T1,1405,8136
T1,1406,8143
T1,1407,8150
T1,1408,8157
T1,1409,8164
T1,1410,8171
T1,1411,8179
T1,1412,8186
T1,1413,8193
T1,1414,8200
T1,1415,8207
T1,1416,8214
T1,1417,8221
T1,1418,8229
T1,1419,8236
T1,1420,8243
T1,1421,8250
T1,1422,8257
T1,1423,8264
T1,1424,8271
T1,1425,8279
T1,1426,8286
T1,1427,8293
T1,1428,8300
T1,1429,8307
T1,1430,8314
T1,1431,8321
T1,1432,8329
T1,1433,8336
T1,1434,8343
T1,1435,8350
T1,1436,8357
T1,1437,8364
T1,1438,8371
T1,1439,8379
T1,1440,8386
T1,1441,8393
T1,1442,8400
T1,1443,8407
T1,1444,8414
T1,1445,8421
T1,1446,8428
T1,1447,8434
T1,1448,8441
T1,1449,8448
T1,1450,8455
T1,1451,8462
T1,1452,8469
T1,1453,8476
T1,1454,8483
T1,1455,8490
T1,1456,8497
T1,1457,8503
T1,1458,8510
T1,1459,8517
T1,1460,8524
T1,1461,8531
T1,1462,8538
T1,1463,8545
T1,1464,8552
T1,1465,8559
T1,1466,8566
T1,1467,8572
T1,1468,8579
T1,1469,8586
T1,1470,8593
T1,1471,8600
T1,1472,8607
T1,1473,8613
T1,1474,8620
T1,1475,8627
T1,1476,8633
T1,1477,8640
T1,1478,8647
T1,1479,8653
T1,1480,8660
T1,1481,8667
T1,1482,8673
T1,1483,8680
T1,1484,8687
T1,1485,8693
T1,1486,8700
T1,1487,8707
T1,1488,8713
T1,1489,8720
T1,1490,8727
T1,1491,8733
T1,1492,8740
T1,1493,8747
T1,1494,8753
T1,1495,8760
T1,1496,8767
T1,1497,8773
T1,1498,8780
T1,1499,8787
T1,1500,8793
T1,1501,8800
T1,1502,8807
T1,1503,8814
T1,1504,8821
T1,1505,8828
T1,1506,8834
T1,1507,8841
T1,1508,8848
T1,1509,8855
T1,1510,8862
T1,1511,8869
T1,1512,8876
T1,1513,8883
T1,1514,8890
T1,1515,8897
T1,1516,8903
T1,1517,8910
T1,1518,8917
T1,1519,8924
T1,1520,8931
T1,1521,8938
T1,1522,8945
T1,1523,8952
T1,1524,8959
T1,1525,8966
T1,1526,8972
T1,1527,8979
T1,1528,8986
T1,1529,8993
T1,1530,9000
T1,1531,9007
T1,1532,9014
T1,1533,9021
T1,1534,9028
T1,1535,9034
T1,1536,9041
T1,1537,9048
T1,1538,9055
T1,1539,9062
T1,1540,9069
T1,1541,9076
T1,1542,9083
T1,1543,9090
T1,1544,9097
T1,1545,9103
T1,1546,9110
T1,1547,9117
T1,1548,9124
T1,1549,9131
T1,1550,9138
T1,1551,9145
T1,1552,9152
T1,1553,9159
T1,1554,9166
T1,1555,9172
T1,1556,9179
T1,1557,9186
T1,1558,9193
T1,1559,9200
T1,1560,9207
T1,1561,9213
T1,1562,9220
T1,1563,9227
T1,1564,9233
T1,1565,9240
T1,1566,9247
T1,1567,9253
T1,1568,9260
T1,1569,9267
T1,1570,9273
T1,1571,9280
T1,1572,9287
T1,1573,9293
T1,1574,9300
T1,1575,9307
T1,1576,9313
T1,1577,9320
T1,1578,9327
T1,1579,9333
T1,1580,9340
T1,1581,9347
T1,1582,9353
T1,1583,9360
T1,1584,9367
T1,1585,9373
T1,1586,9380
T1,1587,9387
T1,1588,9393
T1,1589,9400
T1,1590,9407
T1,1591,9413
T1,1592,9420
T1,1593,9427
T1,1594,9433
T1,1595,9440
T1,1596,9447
T1,1597,9453
T1,1598,9460
T1,1599,9467
T1,1600,9473
T1,1601,9480
T1,1602,9487
T1,1603,9493
T1,1604,9500
T1,1605,9507
T1,1606,9513
T1,1607,9520
T1,1608,9527
T1,1609,9533
T1,1610,9540
T1,1611,9547
T1,1612,9553
T1,1613,9560
T1,1614,9567
T1,1615,9573
T1,1616,9580
T1,1617,9587
T1,1618,9593
T1,1619,9600
T1,1620,9607
T1,1621,9614
T1,1622,9621
T1,1623,9628
T1,1624,9634
T1,1625,9641
T1,1626,9648
T1,1627,9655
T1,1628,9662
T1,1629,9669
T1,1630,9676
T1,1631,9683
T1,1632,9690
T1,1633,9697
T1,1634,9703
T1,1635,9710
T1,1636,9717
T1,1637,9724
T1,1638,9731
T1,1639,9738
T1,1640,9745
T1,1641,9752
T1,1642,9759
T1,1643,9766
T1,1644,9772
T1,1645,9779
T1,1646,9786
T1,1647,9793
T1,1648,9800
T1,1649,9806
T1,1650,9812
T1,1651,9819
T1,1652,9825
T1,1653,9831
T1,1654,9837
T1,1655,9844
T1,1656,9850
T1,1657,9856
T1,1658,9862
T1,1659,9869
T1,1660,9875
T1,1661,9881
T1,1662,9887
T1,1663,9894
T1,1664,9900
T1,1665,9906
T1,1666,9912
T1,1667,9919
T1,1668,9925
T1,1669,9931
T1,1670,9937
T1,1671,9944
T1,1672,9950
T1,1673,9956
T1,1674,9962
T1,1675,9969
T1,1676,9975
T1,1677,9981
T1,1678,9987
T1,1679,9994
T1,1680,10000
T1,1681,10006
T1,1682,10013
T1,1683,10019
T1,1684,10026
T1,1685,10032
T1,1686,10039
T1,1687,10045
T1,1688,10052
T1,1689,10058
T1,1690,10065
T1,1691,10071
T1,1692,10077
T1,1693,10084
T1,1694,10090
T1,1695,10097
T1,1696,10103
T1,1697,10110
T1,1698,10116
T1,1699,10123
T1,1700,10129
T1,1701,10135
T1,1702,10142
T1,1703,10148
T1,1704,10155
T1,1705,10161
T1,1706,10168
T1,1707,10174
T1,1708,10181
T1,1709,10187
T1,1710,10194
T1,1711,10200
T1,1712,10206
T1,1713,10212
T1,1714,10218
T1,1715,10224
T1,1716,10230
T1,1717,10236
T1,1718,10242
T1,1719,10248
T1,1720,10255
T1,1721,10261
T1,1722,10267
T1,1723,10273
T1,1724,10279
T1,1725,10285
T1,1726,10291
T1,1727,10297
T1,1728,10303
T1,1729,10309
T1,1730,10315
T1,1731,10321
T1,1732,10327
T1,1733,10333
T1,1734,10339
T1,1735,10345
T1,1736,10352
T1,1737,10358
T1,1738,10364
T1,1739,10370
T1,1740,10376
T1,1741,10382
T1,1742,10388
T1,1743,10394
T1,1744,10400
T1,1745,10406
T1,1746,10412
T1,1747,10418
T1,1748,10424
T1,1749,10429
T1,1750,10435
T1,1751,10441
T1,1752,10447
T1,1753,10453
T1,1754,10459
T1,1755,10465
T1,1756,10471
T1,1757,10476
T1,1758,10482
T1,1759,10488
T1,1760,10494
T1,1761,10500
T1,1762,10506
T1,1763,10512
T1,1764,10518
T1,1765,10524
T1,1766,10529
T1,1767,10535
T1,1768,10541
T1,1769,10547
T1,1770,10553
T1,1771,10559
T1,1772,10565
T1,1773,10571
T1,1774,10576
T1,1775,10582
T1,1776,10588
T1,1777,10594
T1,1778,10600
T1,1779,10606
T1,1780,10611
T1,1781,10617
T1,1782,10622
T1,1783,10628
T1,1784,10633
T1,1785,10639
T1,1786,10644
T1,1787,10650
T1,1788,10656
T1,1789,10661
T1,1790,10667
T1,1791,10672
T1,1792,10678
T1,1793,10683
T1,1794,10689
T1,1795,10694
T1,1796,10700
T1,1797,10706
T1,1798,10711
T1,1799,10717
T1,1800,10722
T1,1801,10728
T1,1802,10733
T1,1803,10739
T1,1804,10744
T1,1805,10750
T1,1806,10756
T1,1807,10761
T1,1808,10767
T1,1809,10772
T1,1810,10778
T1,1811,10783
T1,1812,10789
T1,1813,10794
T1,1814,10800
T1,1815,10806
T1,1816,10812
T1,1817,10818
T1,1818,10824
T1,1819,10829
T1,1820,10835
T1,1821,10841
T1,1822,10847
T1,1823,10853
T1,1824,10859
T1,1825,10865
T1,1826,10871
T1,1827,10876
T1,1828,10882
T1,1829,10888
T1,1830,10894
T1,1831,10900
T1,1832,10906
T1,1833,10912
T1,1834,10918
T1,1835,10924
T1,1836,10929
T1,1837,10935
T1,1838,10941
T1,1839,10947
T1,1840,10953
T1,1841,10959
T1,1842,10965
T1,1843,10971
T1,1844,10976
T1,1845,10982
T1,1846,10988
T1,1847,10994
T1,1848,11000
T1,1849,11005
T1,1850,11010
T1,1851,11015
T1,1852,11021
T1,1853,11026
T1,1854,11031
T1,1855,11036
T1,1856,11041
T1,1857,11046
T1,1858,11051
T1,1859,11056
T1,1860,11062
T1,1861,11067
T1,1862,11072
T1,1863,11077
T1,1864,11082
T1,1865,11087
T1,1866,11092
T1,1867,11097
T1,1868,11103
T1,1869,11108
T1,1870,11113
T1,1871,11118
T1,1872,11123
T1,1873,11128
T1,1874,11133
T1,1875,11138
T1,1876,11144
T1,1877,11149
T1,1878,11154
T1,1879,11159
T1,1880,11164
T1,1881,11169
T1,1882,11174
T1,1883,11179
T1,1884,11185
T1,1885,11190
T1,1886,11195
T1,1887,11200
T1,1888,11205
T1,1889,11210
T1,1890,11215
T1,1891,11220
T1,1892,11225
T1,1893,11230
T1,1894,11235
T1,1895,11240
T1,1896,11245
T1,1897,11250
T1,1898,11255
T1,1899,11260
T1,1900,11265
T1,1901,11270
T1,1902,11275
T1,1903,11280
T1,1904,11285
T1,1905,11290
T1,1906,11295
T1,1907,11300
T1,1908,11305
T1,1909,11310
T1,1910,11315
T1,1911,11320
T1,1912,11325
T1,1913,11330
T1,1914,11335
T1,1915,11340
T1,1916,11345
T1,1917,11350
T1,1918,11355
T1,1919,11360
T1,1920,11365
T1,1921,11370
T1,1922,11375
T1,1923,11380
T1,1924,11385
T1,1925,11390
T1,1926,11395
T1,1927,11400
T1,1928,11405
T1,1929,11409
T1,1930,11414
T1,1931,11419
T1,1932,11423
T1,1933,11428
T1,1934,11433
T1,1935,11437
T1,1936,11442
T1,1937,11447
T1,1938,11451
T1,1939,11456
T1,1940,11460
T1,1941,11465
T1,1942,11470
T1,1943,11474
T1,1944,11479
T1,1945,11484
T1,1946,11488
T1,1947,11493
T1,1948,11498
T1,1949,11502
T1,1950,11507
T1,1951,11512
T1,1952,11516
T1,1953,11521
T1,1954,11526
T1,1955,11530
T1,1956,11535
T1,1957,11540
T1,1958,11544
T1,1959,11549
T1,1960,11553
T1,1961,11558
T1,1962,11563
T1,1963,11567
T1,1964,11572
T1,1965,11577
T1,1966,11581
T1,1967,11586
T1,1968,11591
T1,1969,11595
T1,1970,11600
T1,1971,11604
T1,1972,11609
T1,1973,11613
T1,1974,11617
T1,1975,11622
T1,1976,11626
T1,1977,11630
T1,1978,11635
T1,1979,11639
T1,1980,11643
T1,1981,11648
T1,1982,11652
T1,1983,11657
T1,1984,11661
T1,1985,11665
T1,1986,11670
T1,1987,11674
T1,1988,11678
T1,1989,11683
T1,1990,11687
T1,1991,11691
T1,1992,11696
T1,1993,11700
T1,1994,11704
T1,1995,11709
T1,1996,11713
T1,1997,11717
T1,1998,11722
T1,1999,11726
T1,2000,11730
T1,2001,11735
T1,2002,11739
T1,2003,11743
T1,2004,11748
T1,2005,11752
T1,2006,11757
T1,2007,11761
T1,2008,11765
T1,2009,11770
T1,2010,11774
T1,2011,11778
T1,2012,11783
T1,2013,11787
T1,2014,11791
T1,2015,11796
T1,2016,11800
T1,2017,11804
T1,2018,11807
T1,2019,11811
T1,2020,11815
T1,2021,11819
T1,2022,11822
T1,2023,11826
T1,2024,11830
T1,2025,11833
T1,2026,11837
T1,2027,11841
T1,2028,11844
T1,2029,11848
T1,2030,11852
T1,2031,11856
T1,2032,11859
T1,2033,11863
T1,2034,11867
T1,2035,11870
T1,2036,11874
T1,2037,11878
T1,2038,11881
T1,2039,11885
T1,2040,11889
T1,2041,11893
T1,2042,11896
T1,2043,11900
T1,2044,11904
T1,2045,11907
T1,2046,11911
T1,2047,11915
T1,2048,11919
T1,2049,11922
T1,2050,11926
T1,2051,11930
T1,2052,11933
T1,2053,11937
T1,2054,11941
T1,2055,11944
T1,2056,11948
T1,2057,11952
T1,2058,11956
T1,2059,11959
T1,2060,11963
T1,2061,11967
T1,2062,11970
T1,2063,11974
T1,2064,11978
T1,2065,11981
T1,2066,11985
T1,2067,11989
T1,2068,11993
T1,2069,11996
T1,2070,12000
